cargoPK,cargoNome,cargoRegimeTrabalho,cargoJornadaTrabalho,cargoEscolaridadeMinima,cargoNivel
1,COZINHEIRO,TEMPORARIO,20H,MEDIO,JUNIOR
2,COZINHEIRO,TEMPORARIO,20H,SUPERIOR,PLENO
3,COZINHEIRO,TEMPORARIO,20H,POS,SENIOR
4,COZINHEIRO,TEMPORARIO,40H,MEDIO,JUNIOR
5,COZINHEIRO,TEMPORARIO,40H,SUPERIOR,PLENO
6,COZINHEIRO,TEMPORARIO,40H,POS,SENIOR
7,COZINHEIRO,TEMPORARIO,44H,MEDIO,JUNIOR
8,COZINHEIRO,TEMPORARIO,44H,SUPERIOR,PLENO
9,COZINHEIRO,TEMPORARIO,44H,POS,SENIOR
10,COZINHEIRO,PJ,20H,MEDIO,JUNIOR
11,COZINHEIRO,PJ,20H,SUPERIOR,PLENO
12,COZINHEIRO,PJ,20H,POS,SENIOR
13,COZINHEIRO,PJ,40H,MEDIO,JUNIOR
14,COZINHEIRO,PJ,40H,SUPERIOR,PLENO
15,COZINHEIRO,PJ,40H,POS,SENIOR
16,COZINHEIRO,PJ,44H,MEDIO,JUNIOR
17,COZINHEIRO,PJ,44H,SUPERIOR,PLENO
18,COZINHEIRO,PJ,44H,POS,SENIOR
19,COZINHEIRO,CLT,20H,MEDIO,JUNIOR
20,COZINHEIRO,CLT,20H,SUPERIOR,PLENO
21,COZINHEIRO,CLT,20H,POS,SENIOR
22,COZINHEIRO,CLT,40H,MEDIO,JUNIOR
23,COZINHEIRO,CLT,40H,SUPERIOR,PLENO
24,COZINHEIRO,CLT,40H,POS,SENIOR
25,COZINHEIRO,CLT,44H,MEDIO,JUNIOR
26,COZINHEIRO,CLT,44H,SUPERIOR,PLENO
27,COZINHEIRO,CLT,44H,POS,SENIOR
28,COORDENADOR DE SERVICO,TEMPORARIO,20H,MEDIO,JUNIOR
29,COORDENADOR DE SERVICO,TEMPORARIO,20H,SUPERIOR,PLENO
30,COORDENADOR DE SERVICO,TEMPORARIO,20H,POS,SENIOR
31,COORDENADOR DE SERVICO,TEMPORARIO,40H,MEDIO,JUNIOR
32,COORDENADOR DE SERVICO,TEMPORARIO,40H,SUPERIOR,PLENO
33,COORDENADOR DE SERVICO,TEMPORARIO,40H,POS,SENIOR
34,COORDENADOR DE SERVICO,TEMPORARIO,44H,MEDIO,JUNIOR
35,COORDENADOR DE SERVICO,TEMPORARIO,44H,SUPERIOR,PLENO
36,COORDENADOR DE SERVICO,TEMPORARIO,44H,POS,SENIOR
37,COORDENADOR DE SERVICO,PJ,20H,MEDIO,JUNIOR
38,COORDENADOR DE SERVICO,PJ,20H,SUPERIOR,PLENO
39,COORDENADOR DE SERVICO,PJ,20H,POS,SENIOR
40,COORDENADOR DE SERVICO,PJ,40H,MEDIO,JUNIOR
41,COORDENADOR DE SERVICO,PJ,40H,SUPERIOR,PLENO
42,COORDENADOR DE SERVICO,PJ,40H,POS,SENIOR
43,COORDENADOR DE SERVICO,PJ,44H,MEDIO,JUNIOR
44,COORDENADOR DE SERVICO,PJ,44H,SUPERIOR,PLENO
45,COORDENADOR DE SERVICO,PJ,44H,POS,SENIOR
46,COORDENADOR DE SERVICO,CLT,20H,MEDIO,JUNIOR
47,COORDENADOR DE SERVICO,CLT,20H,SUPERIOR,PLENO
48,COORDENADOR DE SERVICO,CLT,20H,POS,SENIOR
49,COORDENADOR DE SERVICO,CLT,40H,MEDIO,JUNIOR
50,COORDENADOR DE SERVICO,CLT,40H,SUPERIOR,PLENO
51,COORDENADOR DE SERVICO,CLT,40H,POS,SENIOR
52,COORDENADOR DE SERVICO,CLT,44H,MEDIO,JUNIOR
53,COORDENADOR DE SERVICO,CLT,44H,SUPERIOR,PLENO
54,COORDENADOR DE SERVICO,CLT,44H,POS,SENIOR
55,COORDENADOR DE SERVICO,TEMPORARIO,20H,MEDIO,JUNIOR
56,COORDENADOR DE SERVICO,TEMPORARIO,20H,SUPERIOR,PLENO
57,COORDENADOR DE SERVICO,TEMPORARIO,20H,POS,SENIOR
58,COORDENADOR DE SERVICO,TEMPORARIO,40H,MEDIO,JUNIOR
59,COORDENADOR DE SERVICO,TEMPORARIO,40H,SUPERIOR,PLENO
60,COORDENADOR DE SERVICO,TEMPORARIO,40H,POS,SENIOR
61,COORDENADOR DE SERVICO,TEMPORARIO,44H,MEDIO,JUNIOR
62,COORDENADOR DE SERVICO,TEMPORARIO,44H,SUPERIOR,PLENO
63,COORDENADOR DE SERVICO,TEMPORARIO,44H,POS,SENIOR
64,COORDENADOR DE SERVICO,PJ,20H,MEDIO,JUNIOR
65,COORDENADOR DE SERVICO,PJ,20H,SUPERIOR,PLENO
66,COORDENADOR DE SERVICO,PJ,20H,POS,SENIOR
67,COORDENADOR DE SERVICO,PJ,40H,MEDIO,JUNIOR
68,COORDENADOR DE SERVICO,PJ,40H,SUPERIOR,PLENO
69,COORDENADOR DE SERVICO,PJ,40H,POS,SENIOR
70,COORDENADOR DE SERVICO,PJ,44H,MEDIO,JUNIOR
71,COORDENADOR DE SERVICO,PJ,44H,SUPERIOR,PLENO
72,COORDENADOR DE SERVICO,PJ,44H,POS,SENIOR
73,COORDENADOR DE SERVICO,CLT,20H,MEDIO,JUNIOR
74,COORDENADOR DE SERVICO,CLT,20H,SUPERIOR,PLENO
75,COORDENADOR DE SERVICO,CLT,20H,POS,SENIOR
76,COORDENADOR DE SERVICO,CLT,40H,MEDIO,JUNIOR
77,COORDENADOR DE SERVICO,CLT,40H,SUPERIOR,PLENO
78,COORDENADOR DE SERVICO,CLT,40H,POS,SENIOR
79,COORDENADOR DE SERVICO,CLT,44H,MEDIO,JUNIOR
80,COORDENADOR DE SERVICO,CLT,44H,SUPERIOR,PLENO
81,COORDENADOR DE SERVICO,CLT,44H,POS,SENIOR
82,COORDENADOR DE SEGURANCA,TEMPORARIO,20H,MEDIO,JUNIOR
83,COORDENADOR DE SEGURANCA,TEMPORARIO,20H,SUPERIOR,PLENO
84,COORDENADOR DE SEGURANCA,TEMPORARIO,20H,POS,SENIOR
85,COORDENADOR DE SEGURANCA,TEMPORARIO,40H,MEDIO,JUNIOR
86,COORDENADOR DE SEGURANCA,TEMPORARIO,40H,SUPERIOR,PLENO
87,COORDENADOR DE SEGURANCA,TEMPORARIO,40H,POS,SENIOR
88,COORDENADOR DE SEGURANCA,TEMPORARIO,44H,MEDIO,JUNIOR
89,COORDENADOR DE SEGURANCA,TEMPORARIO,44H,SUPERIOR,PLENO
90,COORDENADOR DE SEGURANCA,TEMPORARIO,44H,POS,SENIOR
91,COORDENADOR DE SEGURANCA,PJ,20H,MEDIO,JUNIOR
92,COORDENADOR DE SEGURANCA,PJ,20H,SUPERIOR,PLENO
93,COORDENADOR DE SEGURANCA,PJ,20H,POS,SENIOR
94,COORDENADOR DE SEGURANCA,PJ,40H,MEDIO,JUNIOR
95,COORDENADOR DE SEGURANCA,PJ,40H,SUPERIOR,PLENO
96,COORDENADOR DE SEGURANCA,PJ,40H,POS,SENIOR
97,COORDENADOR DE SEGURANCA,PJ,44H,MEDIO,JUNIOR
98,COORDENADOR DE SEGURANCA,PJ,44H,SUPERIOR,PLENO
99,COORDENADOR DE SEGURANCA,PJ,44H,POS,SENIOR
100,COORDENADOR DE SEGURANCA,CLT,20H,MEDIO,JUNIOR
101,COORDENADOR DE SEGURANCA,CLT,20H,SUPERIOR,PLENO
102,COORDENADOR DE SEGURANCA,CLT,20H,POS,SENIOR
103,COORDENADOR DE SEGURANCA,CLT,40H,MEDIO,JUNIOR
104,COORDENADOR DE SEGURANCA,CLT,40H,SUPERIOR,PLENO
105,COORDENADOR DE SEGURANCA,CLT,40H,POS,SENIOR
106,COORDENADOR DE SEGURANCA,CLT,44H,MEDIO,JUNIOR
107,COORDENADOR DE SEGURANCA,CLT,44H,SUPERIOR,PLENO
108,COORDENADOR DE SEGURANCA,CLT,44H,POS,SENIOR
109,AUXILIAR DE COZINHA,TEMPORARIO,20H,MEDIO,JUNIOR
110,AUXILIAR DE COZINHA,TEMPORARIO,20H,SUPERIOR,PLENO
111,AUXILIAR DE COZINHA,TEMPORARIO,20H,POS,SENIOR
112,AUXILIAR DE COZINHA,TEMPORARIO,40H,MEDIO,JUNIOR
113,AUXILIAR DE COZINHA,TEMPORARIO,40H,SUPERIOR,PLENO
114,AUXILIAR DE COZINHA,TEMPORARIO,40H,POS,SENIOR
115,AUXILIAR DE COZINHA,TEMPORARIO,44H,MEDIO,JUNIOR
116,AUXILIAR DE COZINHA,TEMPORARIO,44H,SUPERIOR,PLENO
117,AUXILIAR DE COZINHA,TEMPORARIO,44H,POS,SENIOR
118,AUXILIAR DE COZINHA,PJ,20H,MEDIO,JUNIOR
119,AUXILIAR DE COZINHA,PJ,20H,SUPERIOR,PLENO
120,AUXILIAR DE COZINHA,PJ,20H,POS,SENIOR
121,AUXILIAR DE COZINHA,PJ,40H,MEDIO,JUNIOR
122,AUXILIAR DE COZINHA,PJ,40H,SUPERIOR,PLENO
123,AUXILIAR DE COZINHA,PJ,40H,POS,SENIOR
124,AUXILIAR DE COZINHA,PJ,44H,MEDIO,JUNIOR
125,AUXILIAR DE COZINHA,PJ,44H,SUPERIOR,PLENO
126,AUXILIAR DE COZINHA,PJ,44H,POS,SENIOR
127,AUXILIAR DE COZINHA,CLT,20H,MEDIO,JUNIOR
128,AUXILIAR DE COZINHA,CLT,20H,SUPERIOR,PLENO
129,AUXILIAR DE COZINHA,CLT,20H,POS,SENIOR
130,AUXILIAR DE COZINHA,CLT,40H,MEDIO,JUNIOR
131,AUXILIAR DE COZINHA,CLT,40H,SUPERIOR,PLENO
132,AUXILIAR DE COZINHA,CLT,40H,POS,SENIOR
133,AUXILIAR DE COZINHA,CLT,44H,MEDIO,JUNIOR
134,AUXILIAR DE COZINHA,CLT,44H,SUPERIOR,PLENO
135,AUXILIAR DE COZINHA,CLT,44H,POS,SENIOR
136,AUXILIAR DE SERVICO,TEMPORARIO,20H,MEDIO,JUNIOR
137,AUXILIAR DE SERVICO,TEMPORARIO,20H,SUPERIOR,PLENO
138,AUXILIAR DE SERVICO,TEMPORARIO,20H,POS,SENIOR
139,AUXILIAR DE SERVICO,TEMPORARIO,40H,MEDIO,JUNIOR
140,AUXILIAR DE SERVICO,TEMPORARIO,40H,SUPERIOR,PLENO
141,AUXILIAR DE SERVICO,TEMPORARIO,40H,POS,SENIOR
142,AUXILIAR DE SERVICO,TEMPORARIO,44H,MEDIO,JUNIOR
143,AUXILIAR DE SERVICO,TEMPORARIO,44H,SUPERIOR,PLENO
144,AUXILIAR DE SERVICO,TEMPORARIO,44H,POS,SENIOR
145,AUXILIAR DE SERVICO,PJ,20H,MEDIO,JUNIOR
146,AUXILIAR DE SERVICO,PJ,20H,SUPERIOR,PLENO
147,AUXILIAR DE SERVICO,PJ,20H,POS,SENIOR
148,AUXILIAR DE SERVICO,PJ,40H,MEDIO,JUNIOR
149,AUXILIAR DE SERVICO,PJ,40H,SUPERIOR,PLENO
150,AUXILIAR DE SERVICO,PJ,40H,POS,SENIOR
151,AUXILIAR DE SERVICO,PJ,44H,MEDIO,JUNIOR
152,AUXILIAR DE SERVICO,PJ,44H,SUPERIOR,PLENO
153,AUXILIAR DE SERVICO,PJ,44H,POS,SENIOR
154,AUXILIAR DE SERVICO,CLT,20H,MEDIO,JUNIOR
155,AUXILIAR DE SERVICO,CLT,20H,SUPERIOR,PLENO
156,AUXILIAR DE SERVICO,CLT,20H,POS,SENIOR
157,AUXILIAR DE SERVICO,CLT,40H,MEDIO,JUNIOR
158,AUXILIAR DE SERVICO,CLT,40H,SUPERIOR,PLENO
159,AUXILIAR DE SERVICO,CLT,40H,POS,SENIOR
160,AUXILIAR DE SERVICO,CLT,44H,MEDIO,JUNIOR
161,AUXILIAR DE SERVICO,CLT,44H,SUPERIOR,PLENO
162,AUXILIAR DE SERVICO,CLT,44H,POS,SENIOR
163,COORDENADOR DE COMUNICACAO,TEMPORARIO,20H,MEDIO,JUNIOR
164,COORDENADOR DE COMUNICACAO,TEMPORARIO,20H,SUPERIOR,PLENO
165,COORDENADOR DE COMUNICACAO,TEMPORARIO,20H,POS,SENIOR
166,COORDENADOR DE COMUNICACAO,TEMPORARIO,40H,MEDIO,JUNIOR
167,COORDENADOR DE COMUNICACAO,TEMPORARIO,40H,SUPERIOR,PLENO
168,COORDENADOR DE COMUNICACAO,TEMPORARIO,40H,POS,SENIOR
169,COORDENADOR DE COMUNICACAO,TEMPORARIO,44H,MEDIO,JUNIOR
170,COORDENADOR DE COMUNICACAO,TEMPORARIO,44H,SUPERIOR,PLENO
171,COORDENADOR DE COMUNICACAO,TEMPORARIO,44H,POS,SENIOR
172,COORDENADOR DE COMUNICACAO,PJ,20H,MEDIO,JUNIOR
173,COORDENADOR DE COMUNICACAO,PJ,20H,SUPERIOR,PLENO
174,COORDENADOR DE COMUNICACAO,PJ,20H,POS,SENIOR
175,COORDENADOR DE COMUNICACAO,PJ,40H,MEDIO,JUNIOR
176,COORDENADOR DE COMUNICACAO,PJ,40H,SUPERIOR,PLENO
177,COORDENADOR DE COMUNICACAO,PJ,40H,POS,SENIOR
178,COORDENADOR DE COMUNICACAO,PJ,44H,MEDIO,JUNIOR
179,COORDENADOR DE COMUNICACAO,PJ,44H,SUPERIOR,PLENO
180,COORDENADOR DE COMUNICACAO,PJ,44H,POS,SENIOR
181,COORDENADOR DE COMUNICACAO,CLT,20H,MEDIO,JUNIOR
182,COORDENADOR DE COMUNICACAO,CLT,20H,SUPERIOR,PLENO
183,COORDENADOR DE COMUNICACAO,CLT,20H,POS,SENIOR
184,COORDENADOR DE COMUNICACAO,CLT,40H,MEDIO,JUNIOR
185,COORDENADOR DE COMUNICACAO,CLT,40H,SUPERIOR,PLENO
186,COORDENADOR DE COMUNICACAO,CLT,40H,POS,SENIOR
187,COORDENADOR DE COMUNICACAO,CLT,44H,MEDIO,JUNIOR
188,COORDENADOR DE COMUNICACAO,CLT,44H,SUPERIOR,PLENO
189,COORDENADOR DE COMUNICACAO,CLT,44H,POS,SENIOR
190,GESTOR DE EVENTOS,TEMPORARIO,20H,MEDIO,JUNIOR
191,GESTOR DE EVENTOS,TEMPORARIO,20H,SUPERIOR,PLENO
192,GESTOR DE EVENTOS,TEMPORARIO,20H,POS,SENIOR
193,GESTOR DE EVENTOS,TEMPORARIO,40H,MEDIO,JUNIOR
194,GESTOR DE EVENTOS,TEMPORARIO,40H,SUPERIOR,PLENO
195,GESTOR DE EVENTOS,TEMPORARIO,40H,POS,SENIOR
196,GESTOR DE EVENTOS,TEMPORARIO,44H,MEDIO,JUNIOR
197,GESTOR DE EVENTOS,TEMPORARIO,44H,SUPERIOR,PLENO
198,GESTOR DE EVENTOS,TEMPORARIO,44H,POS,SENIOR
199,GESTOR DE EVENTOS,PJ,20H,MEDIO,JUNIOR
200,GESTOR DE EVENTOS,PJ,20H,SUPERIOR,PLENO
201,GESTOR DE EVENTOS,PJ,20H,POS,SENIOR
202,GESTOR DE EVENTOS,PJ,40H,MEDIO,JUNIOR
203,GESTOR DE EVENTOS,PJ,40H,SUPERIOR,PLENO
204,GESTOR DE EVENTOS,PJ,40H,POS,SENIOR
205,GESTOR DE EVENTOS,PJ,44H,MEDIO,JUNIOR
206,GESTOR DE EVENTOS,PJ,44H,SUPERIOR,PLENO
207,GESTOR DE EVENTOS,PJ,44H,POS,SENIOR
208,GESTOR DE EVENTOS,CLT,20H,MEDIO,JUNIOR
209,GESTOR DE EVENTOS,CLT,20H,SUPERIOR,PLENO
210,GESTOR DE EVENTOS,CLT,20H,POS,SENIOR
211,GESTOR DE EVENTOS,CLT,40H,MEDIO,JUNIOR
212,GESTOR DE EVENTOS,CLT,40H,SUPERIOR,PLENO
213,GESTOR DE EVENTOS,CLT,40H,POS,SENIOR
214,GESTOR DE EVENTOS,CLT,44H,MEDIO,JUNIOR
215,GESTOR DE EVENTOS,CLT,44H,SUPERIOR,PLENO
216,GESTOR DE EVENTOS,CLT,44H,POS,SENIOR
217,FOTOGRAFO,TEMPORARIO,20H,MEDIO,JUNIOR
218,FOTOGRAFO,TEMPORARIO,20H,SUPERIOR,PLENO
219,FOTOGRAFO,TEMPORARIO,20H,POS,SENIOR
220,FOTOGRAFO,TEMPORARIO,40H,MEDIO,JUNIOR
221,FOTOGRAFO,TEMPORARIO,40H,SUPERIOR,PLENO
222,FOTOGRAFO,TEMPORARIO,40H,POS,SENIOR
223,FOTOGRAFO,TEMPORARIO,44H,MEDIO,JUNIOR
224,FOTOGRAFO,TEMPORARIO,44H,SUPERIOR,PLENO
225,FOTOGRAFO,TEMPORARIO,44H,POS,SENIOR
226,FOTOGRAFO,PJ,20H,MEDIO,JUNIOR
227,FOTOGRAFO,PJ,20H,SUPERIOR,PLENO
228,FOTOGRAFO,PJ,20H,POS,SENIOR
229,FOTOGRAFO,PJ,40H,MEDIO,JUNIOR
230,FOTOGRAFO,PJ,40H,SUPERIOR,PLENO
231,FOTOGRAFO,PJ,40H,POS,SENIOR
232,FOTOGRAFO,PJ,44H,MEDIO,JUNIOR
233,FOTOGRAFO,PJ,44H,SUPERIOR,PLENO
234,FOTOGRAFO,PJ,44H,POS,SENIOR
235,FOTOGRAFO,CLT,20H,MEDIO,JUNIOR
236,FOTOGRAFO,CLT,20H,SUPERIOR,PLENO
237,FOTOGRAFO,CLT,20H,POS,SENIOR
238,FOTOGRAFO,CLT,40H,MEDIO,JUNIOR
239,FOTOGRAFO,CLT,40H,SUPERIOR,PLENO
240,FOTOGRAFO,CLT,40H,POS,SENIOR
241,FOTOGRAFO,CLT,44H,MEDIO,JUNIOR
242,FOTOGRAFO,CLT,44H,SUPERIOR,PLENO
243,FOTOGRAFO,CLT,44H,POS,SENIOR
244,AUXILIAR DE FOTOGRAFIA,TEMPORARIO,20H,MEDIO,JUNIOR
245,AUXILIAR DE FOTOGRAFIA,TEMPORARIO,20H,SUPERIOR,PLENO
246,AUXILIAR DE FOTOGRAFIA,TEMPORARIO,20H,POS,SENIOR
247,AUXILIAR DE FOTOGRAFIA,TEMPORARIO,40H,MEDIO,JUNIOR
248,AUXILIAR DE FOTOGRAFIA,TEMPORARIO,40H,SUPERIOR,PLENO
249,AUXILIAR DE FOTOGRAFIA,TEMPORARIO,40H,POS,SENIOR
250,AUXILIAR DE FOTOGRAFIA,TEMPORARIO,44H,MEDIO,JUNIOR
251,AUXILIAR DE FOTOGRAFIA,TEMPORARIO,44H,SUPERIOR,PLENO
252,AUXILIAR DE FOTOGRAFIA,TEMPORARIO,44H,POS,SENIOR
253,AUXILIAR DE FOTOGRAFIA,PJ,20H,MEDIO,JUNIOR
254,AUXILIAR DE FOTOGRAFIA,PJ,20H,SUPERIOR,PLENO
255,AUXILIAR DE FOTOGRAFIA,PJ,20H,POS,SENIOR
256,AUXILIAR DE FOTOGRAFIA,PJ,40H,MEDIO,JUNIOR
257,AUXILIAR DE FOTOGRAFIA,PJ,40H,SUPERIOR,PLENO
258,AUXILIAR DE FOTOGRAFIA,PJ,40H,POS,SENIOR
259,AUXILIAR DE FOTOGRAFIA,PJ,44H,MEDIO,JUNIOR
260,AUXILIAR DE FOTOGRAFIA,PJ,44H,SUPERIOR,PLENO
261,AUXILIAR DE FOTOGRAFIA,PJ,44H,POS,SENIOR
262,AUXILIAR DE FOTOGRAFIA,CLT,20H,MEDIO,JUNIOR
263,AUXILIAR DE FOTOGRAFIA,CLT,20H,SUPERIOR,PLENO
264,AUXILIAR DE FOTOGRAFIA,CLT,20H,POS,SENIOR
265,AUXILIAR DE FOTOGRAFIA,CLT,40H,MEDIO,JUNIOR
266,AUXILIAR DE FOTOGRAFIA,CLT,40H,SUPERIOR,PLENO
267,AUXILIAR DE FOTOGRAFIA,CLT,40H,POS,SENIOR
268,AUXILIAR DE FOTOGRAFIA,CLT,44H,MEDIO,JUNIOR
269,AUXILIAR DE FOTOGRAFIA,CLT,44H,SUPERIOR,PLENO
270,AUXILIAR DE FOTOGRAFIA,CLT,44H,POS,SENIOR
271,MESTRE DE CERIMONIAS,TEMPORARIO,20H,MEDIO,JUNIOR
272,MESTRE DE CERIMONIAS,TEMPORARIO,20H,SUPERIOR,PLENO
273,MESTRE DE CERIMONIAS,TEMPORARIO,20H,POS,SENIOR
274,MESTRE DE CERIMONIAS,TEMPORARIO,40H,MEDIO,JUNIOR
275,MESTRE DE CERIMONIAS,TEMPORARIO,40H,SUPERIOR,PLENO
276,MESTRE DE CERIMONIAS,TEMPORARIO,40H,POS,SENIOR
277,MESTRE DE CERIMONIAS,TEMPORARIO,44H,MEDIO,JUNIOR
278,MESTRE DE CERIMONIAS,TEMPORARIO,44H,SUPERIOR,PLENO
279,MESTRE DE CERIMONIAS,TEMPORARIO,44H,POS,SENIOR
280,MESTRE DE CERIMONIAS,PJ,20H,MEDIO,JUNIOR
281,MESTRE DE CERIMONIAS,PJ,20H,SUPERIOR,PLENO
282,MESTRE DE CERIMONIAS,PJ,20H,POS,SENIOR
283,MESTRE DE CERIMONIAS,PJ,40H,MEDIO,JUNIOR
284,MESTRE DE CERIMONIAS,PJ,40H,SUPERIOR,PLENO
285,MESTRE DE CERIMONIAS,PJ,40H,POS,SENIOR
286,MESTRE DE CERIMONIAS,PJ,44H,MEDIO,JUNIOR
287,MESTRE DE CERIMONIAS,PJ,44H,SUPERIOR,PLENO
288,MESTRE DE CERIMONIAS,PJ,44H,POS,SENIOR
289,MESTRE DE CERIMONIAS,CLT,20H,MEDIO,JUNIOR
290,MESTRE DE CERIMONIAS,CLT,20H,SUPERIOR,PLENO
291,MESTRE DE CERIMONIAS,CLT,20H,POS,SENIOR
292,MESTRE DE CERIMONIAS,CLT,40H,MEDIO,JUNIOR
293,MESTRE DE CERIMONIAS,CLT,40H,SUPERIOR,PLENO
294,MESTRE DE CERIMONIAS,CLT,40H,POS,SENIOR
295,MESTRE DE CERIMONIAS,CLT,44H,MEDIO,JUNIOR
296,MESTRE DE CERIMONIAS,CLT,44H,SUPERIOR,PLENO
297,MESTRE DE CERIMONIAS,CLT,44H,POS,SENIOR
298,COORDENADOR DE MONTAGEM E DESMONTAGEM,TEMPORARIO,20H,MEDIO,JUNIOR
299,COORDENADOR DE MONTAGEM E DESMONTAGEM,TEMPORARIO,20H,SUPERIOR,PLENO
300,COORDENADOR DE MONTAGEM E DESMONTAGEM,TEMPORARIO,20H,POS,SENIOR
301,COORDENADOR DE MONTAGEM E DESMONTAGEM,TEMPORARIO,40H,MEDIO,JUNIOR
302,COORDENADOR DE MONTAGEM E DESMONTAGEM,TEMPORARIO,40H,SUPERIOR,PLENO
303,COORDENADOR DE MONTAGEM E DESMONTAGEM,TEMPORARIO,40H,POS,SENIOR
304,COORDENADOR DE MONTAGEM E DESMONTAGEM,TEMPORARIO,44H,MEDIO,JUNIOR
305,COORDENADOR DE MONTAGEM E DESMONTAGEM,TEMPORARIO,44H,SUPERIOR,PLENO
306,COORDENADOR DE MONTAGEM E DESMONTAGEM,TEMPORARIO,44H,POS,SENIOR
307,COORDENADOR DE MONTAGEM E DESMONTAGEM,PJ,20H,MEDIO,JUNIOR
308,COORDENADOR DE MONTAGEM E DESMONTAGEM,PJ,20H,SUPERIOR,PLENO
309,COORDENADOR DE MONTAGEM E DESMONTAGEM,PJ,20H,POS,SENIOR
310,COORDENADOR DE MONTAGEM E DESMONTAGEM,PJ,40H,MEDIO,JUNIOR
311,COORDENADOR DE MONTAGEM E DESMONTAGEM,PJ,40H,SUPERIOR,PLENO
312,COORDENADOR DE MONTAGEM E DESMONTAGEM,PJ,40H,POS,SENIOR
313,COORDENADOR DE MONTAGEM E DESMONTAGEM,PJ,44H,MEDIO,JUNIOR
314,COORDENADOR DE MONTAGEM E DESMONTAGEM,PJ,44H,SUPERIOR,PLENO
315,COORDENADOR DE MONTAGEM E DESMONTAGEM,PJ,44H,POS,SENIOR
316,COORDENADOR DE MONTAGEM E DESMONTAGEM,CLT,20H,MEDIO,JUNIOR
317,COORDENADOR DE MONTAGEM E DESMONTAGEM,CLT,20H,SUPERIOR,PLENO
318,COORDENADOR DE MONTAGEM E DESMONTAGEM,CLT,20H,POS,SENIOR
319,COORDENADOR DE MONTAGEM E DESMONTAGEM,CLT,40H,MEDIO,JUNIOR
320,COORDENADOR DE MONTAGEM E DESMONTAGEM,CLT,40H,SUPERIOR,PLENO
321,COORDENADOR DE MONTAGEM E DESMONTAGEM,CLT,40H,POS,SENIOR
322,COORDENADOR DE MONTAGEM E DESMONTAGEM,CLT,44H,MEDIO,JUNIOR
323,COORDENADOR DE MONTAGEM E DESMONTAGEM,CLT,44H,SUPERIOR,PLENO
324,COORDENADOR DE MONTAGEM E DESMONTAGEM,CLT,44H,POS,SENIOR
325,MONTAGEM E DESMONTAGEM,TEMPORARIO,20H,MEDIO,JUNIOR
326,MONTAGEM E DESMONTAGEM,TEMPORARIO,20H,SUPERIOR,PLENO
327,MONTAGEM E DESMONTAGEM,TEMPORARIO,20H,POS,SENIOR
328,MONTAGEM E DESMONTAGEM,TEMPORARIO,40H,MEDIO,JUNIOR
329,MONTAGEM E DESMONTAGEM,TEMPORARIO,40H,SUPERIOR,PLENO
330,MONTAGEM E DESMONTAGEM,TEMPORARIO,40H,POS,SENIOR
331,MONTAGEM E DESMONTAGEM,TEMPORARIO,44H,MEDIO,JUNIOR
332,MONTAGEM E DESMONTAGEM,TEMPORARIO,44H,SUPERIOR,PLENO
333,MONTAGEM E DESMONTAGEM,TEMPORARIO,44H,POS,SENIOR
334,MONTAGEM E DESMONTAGEM,PJ,20H,MEDIO,JUNIOR
335,MONTAGEM E DESMONTAGEM,PJ,20H,SUPERIOR,PLENO
336,MONTAGEM E DESMONTAGEM,PJ,20H,POS,SENIOR
337,MONTAGEM E DESMONTAGEM,PJ,40H,MEDIO,JUNIOR
338,MONTAGEM E DESMONTAGEM,PJ,40H,SUPERIOR,PLENO
339,MONTAGEM E DESMONTAGEM,PJ,40H,POS,SENIOR
340,MONTAGEM E DESMONTAGEM,PJ,44H,MEDIO,JUNIOR
341,MONTAGEM E DESMONTAGEM,PJ,44H,SUPERIOR,PLENO
342,MONTAGEM E DESMONTAGEM,PJ,44H,POS,SENIOR
343,MONTAGEM E DESMONTAGEM,CLT,20H,MEDIO,JUNIOR
344,MONTAGEM E DESMONTAGEM,CLT,20H,SUPERIOR,PLENO
345,MONTAGEM E DESMONTAGEM,CLT,20H,POS,SENIOR
346,MONTAGEM E DESMONTAGEM,CLT,40H,MEDIO,JUNIOR
347,MONTAGEM E DESMONTAGEM,CLT,40H,SUPERIOR,PLENO
348,MONTAGEM E DESMONTAGEM,CLT,40H,POS,SENIOR
349,MONTAGEM E DESMONTAGEM,CLT,44H,MEDIO,JUNIOR
350,MONTAGEM E DESMONTAGEM,CLT,44H,SUPERIOR,PLENO
351,MONTAGEM E DESMONTAGEM,CLT,44H,POS,SENIOR
352,SEGURANCA,TEMPORARIO,20H,MEDIO,JUNIOR
353,SEGURANCA,TEMPORARIO,20H,SUPERIOR,PLENO
354,SEGURANCA,TEMPORARIO,20H,POS,SENIOR
355,SEGURANCA,TEMPORARIO,40H,MEDIO,JUNIOR
356,SEGURANCA,TEMPORARIO,40H,SUPERIOR,PLENO
357,SEGURANCA,TEMPORARIO,40H,POS,SENIOR
358,SEGURANCA,TEMPORARIO,44H,MEDIO,JUNIOR
359,SEGURANCA,TEMPORARIO,44H,SUPERIOR,PLENO
360,SEGURANCA,TEMPORARIO,44H,POS,SENIOR
361,SEGURANCA,PJ,20H,MEDIO,JUNIOR
362,SEGURANCA,PJ,20H,SUPERIOR,PLENO
363,SEGURANCA,PJ,20H,POS,SENIOR
364,SEGURANCA,PJ,40H,MEDIO,JUNIOR
365,SEGURANCA,PJ,40H,SUPERIOR,PLENO
366,SEGURANCA,PJ,40H,POS,SENIOR
367,SEGURANCA,PJ,44H,MEDIO,JUNIOR
368,SEGURANCA,PJ,44H,SUPERIOR,PLENO
369,SEGURANCA,PJ,44H,POS,SENIOR
370,SEGURANCA,CLT,20H,MEDIO,JUNIOR
371,SEGURANCA,CLT,20H,SUPERIOR,PLENO
372,SEGURANCA,CLT,20H,POS,SENIOR
373,SEGURANCA,CLT,40H,MEDIO,JUNIOR
374,SEGURANCA,CLT,40H,SUPERIOR,PLENO
375,SEGURANCA,CLT,40H,POS,SENIOR
376,SEGURANCA,CLT,44H,MEDIO,JUNIOR
377,SEGURANCA,CLT,44H,SUPERIOR,PLENO
378,SEGURANCA,CLT,44H,POS,SENIOR
379,DECORADOR,TEMPORARIO,20H,MEDIO,JUNIOR
380,DECORADOR,TEMPORARIO,20H,SUPERIOR,PLENO
381,DECORADOR,TEMPORARIO,20H,POS,SENIOR
382,DECORADOR,TEMPORARIO,40H,MEDIO,JUNIOR
383,DECORADOR,TEMPORARIO,40H,SUPERIOR,PLENO
384,DECORADOR,TEMPORARIO,40H,POS,SENIOR
385,DECORADOR,TEMPORARIO,44H,MEDIO,JUNIOR
386,DECORADOR,TEMPORARIO,44H,SUPERIOR,PLENO
387,DECORADOR,TEMPORARIO,44H,POS,SENIOR
388,DECORADOR,PJ,20H,MEDIO,JUNIOR
389,DECORADOR,PJ,20H,SUPERIOR,PLENO
390,DECORADOR,PJ,20H,POS,SENIOR
391,DECORADOR,PJ,40H,MEDIO,JUNIOR
392,DECORADOR,PJ,40H,SUPERIOR,PLENO
393,DECORADOR,PJ,40H,POS,SENIOR
394,DECORADOR,PJ,44H,MEDIO,JUNIOR
395,DECORADOR,PJ,44H,SUPERIOR,PLENO
396,DECORADOR,PJ,44H,POS,SENIOR
397,DECORADOR,CLT,20H,MEDIO,JUNIOR
398,DECORADOR,CLT,20H,SUPERIOR,PLENO
399,DECORADOR,CLT,20H,POS,SENIOR
400,DECORADOR,CLT,40H,MEDIO,JUNIOR
401,DECORADOR,CLT,40H,SUPERIOR,PLENO
402,DECORADOR,CLT,40H,POS,SENIOR
403,DECORADOR,CLT,44H,MEDIO,JUNIOR
404,DECORADOR,CLT,44H,SUPERIOR,PLENO
405,DECORADOR,CLT,44H,POS,SENIOR
406,COORDENADOR DE DECORACAO,TEMPORARIO,20H,MEDIO,JUNIOR
407,COORDENADOR DE DECORACAO,TEMPORARIO,20H,SUPERIOR,PLENO
408,COORDENADOR DE DECORACAO,TEMPORARIO,20H,POS,SENIOR
409,COORDENADOR DE DECORACAO,TEMPORARIO,40H,MEDIO,JUNIOR
410,COORDENADOR DE DECORACAO,TEMPORARIO,40H,SUPERIOR,PLENO
411,COORDENADOR DE DECORACAO,TEMPORARIO,40H,POS,SENIOR
412,COORDENADOR DE DECORACAO,TEMPORARIO,44H,MEDIO,JUNIOR
413,COORDENADOR DE DECORACAO,TEMPORARIO,44H,SUPERIOR,PLENO
414,COORDENADOR DE DECORACAO,TEMPORARIO,44H,POS,SENIOR
415,COORDENADOR DE DECORACAO,PJ,20H,MEDIO,JUNIOR
416,COORDENADOR DE DECORACAO,PJ,20H,SUPERIOR,PLENO
417,COORDENADOR DE DECORACAO,PJ,20H,POS,SENIOR
418,COORDENADOR DE DECORACAO,PJ,40H,MEDIO,JUNIOR
419,COORDENADOR DE DECORACAO,PJ,40H,SUPERIOR,PLENO
420,COORDENADOR DE DECORACAO,PJ,40H,POS,SENIOR
421,COORDENADOR DE DECORACAO,PJ,44H,MEDIO,JUNIOR
422,COORDENADOR DE DECORACAO,PJ,44H,SUPERIOR,PLENO
423,COORDENADOR DE DECORACAO,PJ,44H,POS,SENIOR
424,COORDENADOR DE DECORACAO,CLT,20H,MEDIO,JUNIOR
425,COORDENADOR DE DECORACAO,CLT,20H,SUPERIOR,PLENO
426,COORDENADOR DE DECORACAO,CLT,20H,POS,SENIOR
427,COORDENADOR DE DECORACAO,CLT,40H,MEDIO,JUNIOR
428,COORDENADOR DE DECORACAO,CLT,40H,SUPERIOR,PLENO
429,COORDENADOR DE DECORACAO,CLT,40H,POS,SENIOR
430,COORDENADOR DE DECORACAO,CLT,44H,MEDIO,JUNIOR
431,COORDENADOR DE DECORACAO,CLT,44H,SUPERIOR,PLENO
432,COORDENADOR DE DECORACAO,CLT,44H,POS,SENIOR
433,PRODUTOR DE EVENTO,TEMPORARIO,20H,MEDIO,JUNIOR
434,PRODUTOR DE EVENTO,TEMPORARIO,20H,SUPERIOR,PLENO
435,PRODUTOR DE EVENTO,TEMPORARIO,20H,POS,SENIOR
436,PRODUTOR DE EVENTO,TEMPORARIO,40H,MEDIO,JUNIOR
437,PRODUTOR DE EVENTO,TEMPORARIO,40H,SUPERIOR,PLENO
438,PRODUTOR DE EVENTO,TEMPORARIO,40H,POS,SENIOR
439,PRODUTOR DE EVENTO,TEMPORARIO,44H,MEDIO,JUNIOR
440,PRODUTOR DE EVENTO,TEMPORARIO,44H,SUPERIOR,PLENO
441,PRODUTOR DE EVENTO,TEMPORARIO,44H,POS,SENIOR
442,PRODUTOR DE EVENTO,PJ,20H,MEDIO,JUNIOR
443,PRODUTOR DE EVENTO,PJ,20H,SUPERIOR,PLENO
444,PRODUTOR DE EVENTO,PJ,20H,POS,SENIOR
445,PRODUTOR DE EVENTO,PJ,40H,MEDIO,JUNIOR
446,PRODUTOR DE EVENTO,PJ,40H,SUPERIOR,PLENO
447,PRODUTOR DE EVENTO,PJ,40H,POS,SENIOR
448,PRODUTOR DE EVENTO,PJ,44H,MEDIO,JUNIOR
449,PRODUTOR DE EVENTO,PJ,44H,SUPERIOR,PLENO
450,PRODUTOR DE EVENTO,PJ,44H,POS,SENIOR
451,PRODUTOR DE EVENTO,CLT,20H,MEDIO,JUNIOR
452,PRODUTOR DE EVENTO,CLT,20H,SUPERIOR,PLENO
453,PRODUTOR DE EVENTO,CLT,20H,POS,SENIOR
454,PRODUTOR DE EVENTO,CLT,40H,MEDIO,JUNIOR
455,PRODUTOR DE EVENTO,CLT,40H,SUPERIOR,PLENO
456,PRODUTOR DE EVENTO,CLT,40H,POS,SENIOR
457,PRODUTOR DE EVENTO,CLT,44H,MEDIO,JUNIOR
458,PRODUTOR DE EVENTO,CLT,44H,SUPERIOR,PLENO
459,PRODUTOR DE EVENTO,CLT,44H,POS,SENIOR
460,GESTOR DE TECNOLOGIA,TEMPORARIO,20H,MEDIO,JUNIOR
461,GESTOR DE TECNOLOGIA,TEMPORARIO,20H,SUPERIOR,PLENO
462,GESTOR DE TECNOLOGIA,TEMPORARIO,20H,POS,SENIOR
463,GESTOR DE TECNOLOGIA,TEMPORARIO,40H,MEDIO,JUNIOR
464,GESTOR DE TECNOLOGIA,TEMPORARIO,40H,SUPERIOR,PLENO
465,GESTOR DE TECNOLOGIA,TEMPORARIO,40H,POS,SENIOR
466,GESTOR DE TECNOLOGIA,TEMPORARIO,44H,MEDIO,JUNIOR
467,GESTOR DE TECNOLOGIA,TEMPORARIO,44H,SUPERIOR,PLENO
468,GESTOR DE TECNOLOGIA,TEMPORARIO,44H,POS,SENIOR
469,GESTOR DE TECNOLOGIA,PJ,20H,MEDIO,JUNIOR
470,GESTOR DE TECNOLOGIA,PJ,20H,SUPERIOR,PLENO
471,GESTOR DE TECNOLOGIA,PJ,20H,POS,SENIOR
472,GESTOR DE TECNOLOGIA,PJ,40H,MEDIO,JUNIOR
473,GESTOR DE TECNOLOGIA,PJ,40H,SUPERIOR,PLENO
474,GESTOR DE TECNOLOGIA,PJ,40H,POS,SENIOR
475,GESTOR DE TECNOLOGIA,PJ,44H,MEDIO,JUNIOR
476,GESTOR DE TECNOLOGIA,PJ,44H,SUPERIOR,PLENO
477,GESTOR DE TECNOLOGIA,PJ,44H,POS,SENIOR
478,GESTOR DE TECNOLOGIA,CLT,20H,MEDIO,JUNIOR
479,GESTOR DE TECNOLOGIA,CLT,20H,SUPERIOR,PLENO
480,GESTOR DE TECNOLOGIA,CLT,20H,POS,SENIOR
481,GESTOR DE TECNOLOGIA,CLT,40H,MEDIO,JUNIOR
482,GESTOR DE TECNOLOGIA,CLT,40H,SUPERIOR,PLENO
483,GESTOR DE TECNOLOGIA,CLT,40H,POS,SENIOR
484,GESTOR DE TECNOLOGIA,CLT,44H,MEDIO,JUNIOR
485,GESTOR DE TECNOLOGIA,CLT,44H,SUPERIOR,PLENO
486,GESTOR DE TECNOLOGIA,CLT,44H,POS,SENIOR
487,RECEPCIONISTA,TEMPORARIO,20H,MEDIO,JUNIOR
488,RECEPCIONISTA,TEMPORARIO,20H,SUPERIOR,PLENO
489,RECEPCIONISTA,TEMPORARIO,20H,POS,SENIOR
490,RECEPCIONISTA,TEMPORARIO,40H,MEDIO,JUNIOR
491,RECEPCIONISTA,TEMPORARIO,40H,SUPERIOR,PLENO
492,RECEPCIONISTA,TEMPORARIO,40H,POS,SENIOR
493,RECEPCIONISTA,TEMPORARIO,44H,MEDIO,JUNIOR
494,RECEPCIONISTA,TEMPORARIO,44H,SUPERIOR,PLENO
495,RECEPCIONISTA,TEMPORARIO,44H,POS,SENIOR
496,RECEPCIONISTA,PJ,20H,MEDIO,JUNIOR
497,RECEPCIONISTA,PJ,20H,SUPERIOR,PLENO
498,RECEPCIONISTA,PJ,20H,POS,SENIOR
499,RECEPCIONISTA,PJ,40H,MEDIO,JUNIOR
500,RECEPCIONISTA,PJ,40H,SUPERIOR,PLENO
501,RECEPCIONISTA,PJ,40H,POS,SENIOR
502,RECEPCIONISTA,PJ,44H,MEDIO,JUNIOR
503,RECEPCIONISTA,PJ,44H,SUPERIOR,PLENO
504,RECEPCIONISTA,PJ,44H,POS,SENIOR
505,RECEPCIONISTA,CLT,20H,MEDIO,JUNIOR
506,RECEPCIONISTA,CLT,20H,SUPERIOR,PLENO
507,RECEPCIONISTA,CLT,20H,POS,SENIOR
508,RECEPCIONISTA,CLT,40H,MEDIO,JUNIOR
509,RECEPCIONISTA,CLT,40H,SUPERIOR,PLENO
510,RECEPCIONISTA,CLT,40H,POS,SENIOR
511,RECEPCIONISTA,CLT,44H,MEDIO,JUNIOR
512,RECEPCIONISTA,CLT,44H,SUPERIOR,PLENO
513,RECEPCIONISTA,CLT,44H,POS,SENIOR
514,CINEGRAFISTA,TEMPORARIO,20H,MEDIO,JUNIOR
515,CINEGRAFISTA,TEMPORARIO,20H,SUPERIOR,PLENO
516,CINEGRAFISTA,TEMPORARIO,20H,POS,SENIOR
517,CINEGRAFISTA,TEMPORARIO,40H,MEDIO,JUNIOR
518,CINEGRAFISTA,TEMPORARIO,40H,SUPERIOR,PLENO
519,CINEGRAFISTA,TEMPORARIO,40H,POS,SENIOR
520,CINEGRAFISTA,TEMPORARIO,44H,MEDIO,JUNIOR
521,CINEGRAFISTA,TEMPORARIO,44H,SUPERIOR,PLENO
522,CINEGRAFISTA,TEMPORARIO,44H,POS,SENIOR
523,CINEGRAFISTA,PJ,20H,MEDIO,JUNIOR
524,CINEGRAFISTA,PJ,20H,SUPERIOR,PLENO
525,CINEGRAFISTA,PJ,20H,POS,SENIOR
526,CINEGRAFISTA,PJ,40H,MEDIO,JUNIOR
527,CINEGRAFISTA,PJ,40H,SUPERIOR,PLENO
528,CINEGRAFISTA,PJ,40H,POS,SENIOR
529,CINEGRAFISTA,PJ,44H,MEDIO,JUNIOR
530,CINEGRAFISTA,PJ,44H,SUPERIOR,PLENO
531,CINEGRAFISTA,PJ,44H,POS,SENIOR
532,CINEGRAFISTA,CLT,20H,MEDIO,JUNIOR
533,CINEGRAFISTA,CLT,20H,SUPERIOR,PLENO
534,CINEGRAFISTA,CLT,20H,POS,SENIOR
535,CINEGRAFISTA,CLT,40H,MEDIO,JUNIOR
536,CINEGRAFISTA,CLT,40H,SUPERIOR,PLENO
537,CINEGRAFISTA,CLT,40H,POS,SENIOR
538,CINEGRAFISTA,CLT,44H,MEDIO,JUNIOR
539,CINEGRAFISTA,CLT,44H,SUPERIOR,PLENO
540,CINEGRAFISTA,CLT,44H,POS,SENIOR
